"ids","entitynum","region","site","londd","latdd","altitude","samplenum","agebp","variable","value","group","ntNA"
"Entity_789_Region_North America",789,"North America","Etivlik Lake",-156.033333,68.133333,631,16518,118,"Abies",NA,"Herb",0
"Entity_789_Region_North America",789,"North America","Etivlik Lake",-156.033333,68.133333,631,16518,118,"Alnus",26.11,"Herb",15
"Entity_789_Region_North America",789,"North America","Etivlik Lake",-156.033333,68.133333,631,16518,118,"Artemisia",0.28,"Herb",13
"Entity_789_Region_North America",789,"North America","Etivlik Lake",-156.033333,68.133333,631,16518,118,"Betula",36.39,"Shrub",15
"Entity_789_Region_North America",789,"North America","Etivlik Lake",-156.033333,68.133333,631,16518,118,"Brassicaceae",NA,"Herb",1
"Entity_789_Region_North America",789,"North America","Etivlik Lake",-156.033333,68.133333,631,16518,118,"Cyperaceae",16.94,"Herb",15
"Entity_789_Region_North America",789,"North America","Etivlik Lake",-156.033333,68.133333,631,16518,118,"Fabaceae",NA,"Shrub",2
"Entity_789_Region_North America",789,"North America","Etivlik Lake",-156.033333,68.133333,631,16518,118,"Onagraceae",NA,"Shrub",1
"Entity_789_Region_North America",789,"North America","Etivlik Lake",-156.033333,68.133333,631,16518,118,"Picea",6.67,"Trees",12
"Entity_789_Region_North America",789,"North America","Etivlik Lake",-156.033333,68.133333,631,16518,118,"Pinus",0.28,"Trees",1
"Entity_789_Region_North America",789,"North America","Etivlik Lake",-156.033333,68.133333,631,16518,118,"Populus",NA,"Herb",6
"Entity_789_Region_North America",789,"North America","Etivlik Lake",-156.033333,68.133333,631,16518,118,"Salix",2.22,"Shrub",15
"Entity_789_Region_North America",789,"North America","Etivlik Lake",-156.033333,68.133333,631,16518,118,"Saxifragaceae",NA,"Herb",1
"Entity_789_Region_North America",789,"North America","Etivlik Lake",-156.033333,68.133333,631,16518,118,"Sphagnum",1.11,"Shrub",15
"Entity_789_Region_North America",789,"North America","Etivlik Lake",-156.033333,68.133333,631,16518,118,"Thalictrum",NA,"Trees",1
"Entity_789_Region_North America",789,"North America","Etivlik Lake",-156.033333,68.133333,631,16519,588,"Abies",NA,"Herb",0
"Entity_789_Region_North America",789,"North America","Etivlik Lake",-156.033333,68.133333,631,16519,588,"Alnus",17.32,"Herb",15
"Entity_789_Region_North America",789,"North America","Etivlik Lake",-156.033333,68.133333,631,16519,588,"Artemisia",0.79,"Herb",13
"Entity_789_Region_North America",789,"North America","Etivlik Lake",-156.033333,68.133333,631,16519,588,"Betula",36.75,"Shrub",15
"Entity_789_Region_North America",789,"North America","Etivlik Lake",-156.033333,68.133333,631,16519,588,"Brassicaceae",NA,"Herb",1
"Entity_789_Region_North America",789,"North America","Etivlik Lake",-156.033333,68.133333,631,16519,588,"Cyperaceae",24.41,"Herb",15
"Entity_789_Region_North America",789,"North America","Etivlik Lake",-156.033333,68.133333,631,16519,588,"Fabaceae",NA,"Shrub",2
"Entity_789_Region_North America",789,"North America","Etivlik Lake",-156.033333,68.133333,631,16519,588,"Onagraceae",NA,"Shrub",1
"Entity_789_Region_North America",789,"North America","Etivlik Lake",-156.033333,68.133333,631,16519,588,"Picea",6.3,"Trees",12
"Entity_789_Region_North America",789,"North America","Etivlik Lake",-156.033333,68.133333,631,16519,588,"Pinus",NA,"Trees",1
"Entity_789_Region_North America",789,"North America","Etivlik Lake",-156.033333,68.133333,631,16519,588,"Populus",NA,"Herb",6
"Entity_789_Region_North America",789,"North America","Etivlik Lake",-156.033333,68.133333,631,16519,588,"Salix",0.79,"Shrub",15
"Entity_789_Region_North America",789,"North America","Etivlik Lake",-156.033333,68.133333,631,16519,588,"Saxifragaceae",NA,"Herb",1
"Entity_789_Region_North America",789,"North America","Etivlik Lake",-156.033333,68.133333,631,16519,588,"Sphagnum",1.05,"Shrub",15
"Entity_789_Region_North America",789,"North America","Etivlik Lake",-156.033333,68.133333,631,16519,588,"Thalictrum",NA,"Trees",1
"Entity_789_Region_North America",789,"North America","Etivlik Lake",-156.033333,68.133333,631,16520,1107,"Abies",NA,"Herb",0
"Entity_789_Region_North America",789,"North America","Etivlik Lake",-156.033333,68.133333,631,16520,1107,"Alnus",22.6,"Herb",15
"Entity_789_Region_North America",789,"North America","Etivlik Lake",-156.033333,68.133333,631,16520,1107,"Artemisia",1.68,"Herb",13
"Entity_789_Region_North America",789,"North America","Etivlik Lake",-156.033333,68.133333,631,16520,1107,"Betula",31.97,"Shrub",15
"Entity_789_Region_North America",789,"North America","Etivlik Lake",-156.033333,68.133333,631,16520,1107,"Brassicaceae",NA,"Herb",1
"Entity_789_Region_North America",789,"North America","Etivlik Lake",-156.033333,68.133333,631,16520,1107,"Cyperaceae",19.95,"Herb",15
"Entity_789_Region_North America",789,"North America","Etivlik Lake",-156.033333,68.133333,631,16520,1107,"Fabaceae",NA,"Shrub",2
"Entity_789_Region_North America",789,"North America","Etivlik Lake",-156.033333,68.133333,631,16520,1107,"Onagraceae",0.24,"Shrub",1
"Entity_789_Region_North America",789,"North America","Etivlik Lake",-156.033333,68.133333,631,16520,1107,"Picea",7.69,"Trees",12
"Entity_789_Region_North America",789,"North America","Etivlik Lake",-156.033333,68.133333,631,16520,1107,"Pinus",NA,"Trees",1
"Entity_789_Region_North America",789,"North America","Etivlik Lake",-156.033333,68.133333,631,16520,1107,"Populus",NA,"Herb",6
"Entity_789_Region_North America",789,"North America","Etivlik Lake",-156.033333,68.133333,631,16520,1107,"Salix",1.44,"Shrub",15
"Entity_789_Region_North America",789,"North America","Etivlik Lake",-156.033333,68.133333,631,16520,1107,"Saxifragaceae",NA,"Herb",1
"Entity_789_Region_North America",789,"North America","Etivlik Lake",-156.033333,68.133333,631,16520,1107,"Sphagnum",2.16,"Shrub",15
"Entity_789_Region_North America",789,"North America","Etivlik Lake",-156.033333,68.133333,631,16520,1107,"Thalictrum",NA,"Trees",1
"Entity_789_Region_North America",789,"North America","Etivlik Lake",-156.033333,68.133333,631,16521,2383,"Abies",NA,"Herb",0
"Entity_789_Region_North America",789,"North America","Etivlik Lake",-156.033333,68.133333,631,16521,2383,"Alnus",22.56,"Herb",15
"Entity_789_Region_North America",789,"North America","Etivlik Lake",-156.033333,68.133333,631,16521,2383,"Artemisia",0.84,"Herb",13
"Entity_789_Region_North America",789,"North America","Etivlik Lake",-156.033333,68.133333,631,16521,2383,"Betula",39.28,"Shrub",15
"Entity_789_Region_North America",789,"North America","Etivlik Lake",-156.033333,68.133333,631,16521,2383,"Brassicaceae",NA,"Herb",1
"Entity_789_Region_North America",789,"North America","Etivlik Lake",-156.033333,68.133333,631,16521,2383,"Cyperaceae",15.04,"Herb",15
"Entity_789_Region_North America",789,"North America","Etivlik Lake",-156.033333,68.133333,631,16521,2383,"Fabaceae",0.28,"Shrub",2
"Entity_789_Region_North America",789,"North America","Etivlik Lake",-156.033333,68.133333,631,16521,2383,"Onagraceae",NA,"Shrub",1
"Entity_789_Region_North America",789,"North America","Etivlik Lake",-156.033333,68.133333,631,16521,2383,"Picea",6.69,"Trees",12
"Entity_789_Region_North America",789,"North America","Etivlik Lake",-156.033333,68.133333,631,16521,2383,"Pinus",NA,"Trees",1
"Entity_789_Region_North America",789,"North America","Etivlik Lake",-156.033333,68.133333,631,16521,2383,"Populus",NA,"Herb",6
"Entity_789_Region_North America",789,"North America","Etivlik Lake",-156.033333,68.133333,631,16521,2383,"Salix",1.95,"Shrub",15
"Entity_789_Region_North America",789,"North America","Etivlik Lake",-156.033333,68.133333,631,16521,2383,"Saxifragaceae",NA,"Herb",1
"Entity_789_Region_North America",789,"North America","Etivlik Lake",-156.033333,68.133333,631,16521,2383,"Sphagnum",1.11,"Shrub",15
"Entity_789_Region_North America",789,"North America","Etivlik Lake",-156.033333,68.133333,631,16521,2383,"Thalictrum",NA,"Trees",1
"Entity_789_Region_North America",789,"North America","Etivlik Lake",-156.033333,68.133333,631,16522,3840,"Abies",NA,"Herb",0
"Entity_789_Region_North America",789,"North America","Etivlik Lake",-156.033333,68.133333,631,16522,3840,"Alnus",23.55,"Herb",15
"Entity_789_Region_North America",789,"North America","Etivlik Lake",-156.033333,68.133333,631,16522,3840,"Artemisia",0.28,"Herb",13
"Entity_789_Region_North America",789,"North America","Etivlik Lake",-156.033333,68.133333,631,16522,3840,"Betula",39.61,"Shrub",15
"Entity_789_Region_North America",789,"North America","Etivlik Lake",-156.033333,68.133333,631,16522,3840,"Brassicaceae",NA,"Herb",1
"Entity_789_Region_North America",789,"North America","Etivlik Lake",-156.033333,68.133333,631,16522,3840,"Cyperaceae",18.28,"Herb",15
"Entity_789_Region_North America",789,"North America","Etivlik Lake",-156.033333,68.133333,631,16522,3840,"Fabaceae",NA,"Shrub",2
"Entity_789_Region_North America",789,"North America","Etivlik Lake",-156.033333,68.133333,631,16522,3840,"Onagraceae",NA,"Shrub",1
"Entity_789_Region_North America",789,"North America","Etivlik Lake",-156.033333,68.133333,631,16522,3840,"Picea",7.2,"Trees",12
"Entity_789_Region_North America",789,"North America","Etivlik Lake",-156.033333,68.133333,631,16522,3840,"Pinus",NA,"Trees",1
"Entity_789_Region_North America",789,"North America","Etivlik Lake",-156.033333,68.133333,631,16522,3840,"Populus",NA,"Herb",6
"Entity_789_Region_North America",789,"North America","Etivlik Lake",-156.033333,68.133333,631,16522,3840,"Salix",1.11,"Shrub",15
"Entity_789_Region_North America",789,"North America","Etivlik Lake",-156.033333,68.133333,631,16522,3840,"Saxifragaceae",NA,"Herb",1
"Entity_789_Region_North America",789,"North America","Etivlik Lake",-156.033333,68.133333,631,16522,3840,"Sphagnum",1.11,"Shrub",15
"Entity_789_Region_North America",789,"North America","Etivlik Lake",-156.033333,68.133333,631,16522,3840,"Thalictrum",NA,"Trees",1
"Entity_789_Region_North America",789,"North America","Etivlik Lake",-156.033333,68.133333,631,16523,5308,"Abies",NA,"Herb",0
"Entity_789_Region_North America",789,"North America","Etivlik Lake",-156.033333,68.133333,631,16523,5308,"Alnus",24.87,"Herb",15
"Entity_789_Region_North America",789,"North America","Etivlik Lake",-156.033333,68.133333,631,16523,5308,"Artemisia",0.51,"Herb",13
"Entity_789_Region_North America",789,"North America","Etivlik Lake",-156.033333,68.133333,631,16523,5308,"Betula",42.82,"Shrub",15
"Entity_789_Region_North America",789,"North America","Etivlik Lake",-156.033333,68.133333,631,16523,5308,"Brassicaceae",NA,"Herb",1
"Entity_789_Region_North America",789,"North America","Etivlik Lake",-156.033333,68.133333,631,16523,5308,"Cyperaceae",14.1,"Herb",15
"Entity_789_Region_North America",789,"North America","Etivlik Lake",-156.033333,68.133333,631,16523,5308,"Fabaceae",NA,"Shrub",2
"Entity_789_Region_North America",789,"North America","Etivlik Lake",-156.033333,68.133333,631,16523,5308,"Onagraceae",NA,"Shrub",1
"Entity_789_Region_North America",789,"North America","Etivlik Lake",-156.033333,68.133333,631,16523,5308,"Picea",6.41,"Trees",12
"Entity_789_Region_North America",789,"North America","Etivlik Lake",-156.033333,68.133333,631,16523,5308,"Pinus",NA,"Trees",1
"Entity_789_Region_North America",789,"North America","Etivlik Lake",-156.033333,68.133333,631,16523,5308,"Populus",0.26,"Herb",6
"Entity_789_Region_North America",789,"North America","Etivlik Lake",-156.033333,68.133333,631,16523,5308,"Salix",1.54,"Shrub",15
"Entity_789_Region_North America",789,"North America","Etivlik Lake",-156.033333,68.133333,631,16523,5308,"Saxifragaceae",NA,"Herb",1
"Entity_789_Region_North America",789,"North America","Etivlik Lake",-156.033333,68.133333,631,16523,5308,"Sphagnum",1.28,"Shrub",15
"Entity_789_Region_North America",789,"North America","Etivlik Lake",-156.033333,68.133333,631,16523,5308,"Thalictrum",0.26,"Trees",1
"Entity_789_Region_North America",789,"North America","Etivlik Lake",-156.033333,68.133333,631,16524,6286,"Abies",NA,"Herb",0
"Entity_789_Region_North America",789,"North America","Etivlik Lake",-156.033333,68.133333,631,16524,6286,"Alnus",35.45,"Herb",15
"Entity_789_Region_North America",789,"North America","Etivlik Lake",-156.033333,68.133333,631,16524,6286,"Artemisia",0.3,"Herb",13
"Entity_789_Region_North America",789,"North America","Etivlik Lake",-156.033333,68.133333,631,16524,6286,"Betula",44.24,"Shrub",15
"Entity_789_Region_North America",789,"North America","Etivlik Lake",-156.033333,68.133333,631,16524,6286,"Brassicaceae",NA,"Herb",1
"Entity_789_Region_North America",789,"North America","Etivlik Lake",-156.033333,68.133333,631,16524,6286,"Cyperaceae",11.82,"Herb",15
"Entity_789_Region_North America",789,"North America","Etivlik Lake",-156.033333,68.133333,631,16524,6286,"Fabaceae",NA,"Shrub",2
"Entity_789_Region_North America",789,"North America","Etivlik Lake",-156.033333,68.133333,631,16524,6286,"Onagraceae",NA,"Shrub",1
"Entity_789_Region_North America",789,"North America","Etivlik Lake",-156.033333,68.133333,631,16524,6286,"Picea",2.12,"Trees",12
"Entity_789_Region_North America",789,"North America","Etivlik Lake",-156.033333,68.133333,631,16524,6286,"Pinus",NA,"Trees",1
"Entity_789_Region_North America",789,"North America","Etivlik Lake",-156.033333,68.133333,631,16524,6286,"Populus",0.3,"Herb",6
"Entity_789_Region_North America",789,"North America","Etivlik Lake",-156.033333,68.133333,631,16524,6286,"Salix",0.61,"Shrub",15
"Entity_789_Region_North America",789,"North America","Etivlik Lake",-156.033333,68.133333,631,16524,6286,"Saxifragaceae",0.3,"Herb",1
"Entity_789_Region_North America",789,"North America","Etivlik Lake",-156.033333,68.133333,631,16524,6286,"Sphagnum",0.61,"Shrub",15
"Entity_789_Region_North America",789,"North America","Etivlik Lake",-156.033333,68.133333,631,16524,6286,"Thalictrum",NA,"Trees",1
"Entity_789_Region_North America",789,"North America","Etivlik Lake",-156.033333,68.133333,631,16525,7307,"Abies",NA,"Herb",0
"Entity_789_Region_North America",789,"North America","Etivlik Lake",-156.033333,68.133333,631,16525,7307,"Alnus",43.22,"Herb",15
"Entity_789_Region_North America",789,"North America","Etivlik Lake",-156.033333,68.133333,631,16525,7307,"Artemisia",0.26,"Herb",13
"Entity_789_Region_North America",789,"North America","Etivlik Lake",-156.033333,68.133333,631,16525,7307,"Betula",32.48,"Shrub",15
"Entity_789_Region_North America",789,"North America","Etivlik Lake",-156.033333,68.133333,631,16525,7307,"Brassicaceae",NA,"Herb",1
"Entity_789_Region_North America",789,"North America","Etivlik Lake",-156.033333,68.133333,631,16525,7307,"Cyperaceae",13.04,"Herb",15
"Entity_789_Region_North America",789,"North America","Etivlik Lake",-156.033333,68.133333,631,16525,7307,"Fabaceae",0.26,"Shrub",2
"Entity_789_Region_North America",789,"North America","Etivlik Lake",-156.033333,68.133333,631,16525,7307,"Onagraceae",NA,"Shrub",1
"Entity_789_Region_North America",789,"North America","Etivlik Lake",-156.033333,68.133333,631,16525,7307,"Picea",1.28,"Trees",12
"Entity_789_Region_North America",789,"North America","Etivlik Lake",-156.033333,68.133333,631,16525,7307,"Pinus",NA,"Trees",1
"Entity_789_Region_North America",789,"North America","Etivlik Lake",-156.033333,68.133333,631,16525,7307,"Populus",NA,"Herb",6
"Entity_789_Region_North America",789,"North America","Etivlik Lake",-156.033333,68.133333,631,16525,7307,"Salix",2.05,"Shrub",15
"Entity_789_Region_North America",789,"North America","Etivlik Lake",-156.033333,68.133333,631,16525,7307,"Saxifragaceae",NA,"Herb",1
"Entity_789_Region_North America",789,"North America","Etivlik Lake",-156.033333,68.133333,631,16525,7307,"Sphagnum",1.28,"Shrub",15
"Entity_789_Region_North America",789,"North America","Etivlik Lake",-156.033333,68.133333,631,16525,7307,"Thalictrum",NA,"Trees",1
"Entity_789_Region_North America",789,"North America","Etivlik Lake",-156.033333,68.133333,631,16526,8076,"Abies",NA,"Herb",0
"Entity_789_Region_North America",789,"North America","Etivlik Lake",-156.033333,68.133333,631,16526,8076,"Alnus",38.69,"Herb",15
"Entity_789_Region_North America",789,"North America","Etivlik Lake",-156.033333,68.133333,631,16526,8076,"Artemisia",NA,"Herb",13
"Entity_789_Region_North America",789,"North America","Etivlik Lake",-156.033333,68.133333,631,16526,8076,"Betula",41.07,"Shrub",15
"Entity_789_Region_North America",789,"North America","Etivlik Lake",-156.033333,68.133333,631,16526,8076,"Brassicaceae",NA,"Herb",1
"Entity_789_Region_North America",789,"North America","Etivlik Lake",-156.033333,68.133333,631,16526,8076,"Cyperaceae",11.61,"Herb",15
"Entity_789_Region_North America",789,"North America","Etivlik Lake",-156.033333,68.133333,631,16526,8076,"Fabaceae",NA,"Shrub",2
"Entity_789_Region_North America",789,"North America","Etivlik Lake",-156.033333,68.133333,631,16526,8076,"Onagraceae",NA,"Shrub",1
"Entity_789_Region_North America",789,"North America","Etivlik Lake",-156.033333,68.133333,631,16526,8076,"Picea",1.19,"Trees",12
"Entity_789_Region_North America",789,"North America","Etivlik Lake",-156.033333,68.133333,631,16526,8076,"Pinus",NA,"Trees",1
"Entity_789_Region_North America",789,"North America","Etivlik Lake",-156.033333,68.133333,631,16526,8076,"Populus",NA,"Herb",6
"Entity_789_Region_North America",789,"North America","Etivlik Lake",-156.033333,68.133333,631,16526,8076,"Salix",0.3,"Shrub",15
"Entity_789_Region_North America",789,"North America","Etivlik Lake",-156.033333,68.133333,631,16526,8076,"Saxifragaceae",NA,"Herb",1
"Entity_789_Region_North America",789,"North America","Etivlik Lake",-156.033333,68.133333,631,16526,8076,"Sphagnum",0.6,"Shrub",15
"Entity_789_Region_North America",789,"North America","Etivlik Lake",-156.033333,68.133333,631,16526,8076,"Thalictrum",NA,"Trees",1
"Entity_789_Region_North America",789,"North America","Etivlik Lake",-156.033333,68.133333,631,16527,9100,"Abies",NA,"Herb",0
"Entity_789_Region_North America",789,"North America","Etivlik Lake",-156.033333,68.133333,631,16527,9100,"Alnus",10.98,"Herb",15
"Entity_789_Region_North America",789,"North America","Etivlik Lake",-156.033333,68.133333,631,16527,9100,"Artemisia",0.58,"Herb",13
"Entity_789_Region_North America",789,"North America","Etivlik Lake",-156.033333,68.133333,631,16527,9100,"Betula",52.02,"Shrub",15
"Entity_789_Region_North America",789,"North America","Etivlik Lake",-156.033333,68.133333,631,16527,9100,"Brassicaceae",NA,"Herb",1
"Entity_789_Region_North America",789,"North America","Etivlik Lake",-156.033333,68.133333,631,16527,9100,"Cyperaceae",18.21,"Herb",15
"Entity_789_Region_North America",789,"North America","Etivlik Lake",-156.033333,68.133333,631,16527,9100,"Fabaceae",NA,"Shrub",2
"Entity_789_Region_North America",789,"North America","Etivlik Lake",-156.033333,68.133333,631,16527,9100,"Onagraceae",NA,"Shrub",1
"Entity_789_Region_North America",789,"North America","Etivlik Lake",-156.033333,68.133333,631,16527,9100,"Picea",1.45,"Trees",12
"Entity_789_Region_North America",789,"North America","Etivlik Lake",-156.033333,68.133333,631,16527,9100,"Pinus",NA,"Trees",1
"Entity_789_Region_North America",789,"North America","Etivlik Lake",-156.033333,68.133333,631,16527,9100,"Populus",0.87,"Herb",6
"Entity_789_Region_North America",789,"North America","Etivlik Lake",-156.033333,68.133333,631,16527,9100,"Salix",1.45,"Shrub",15
"Entity_789_Region_North America",789,"North America","Etivlik Lake",-156.033333,68.133333,631,16527,9100,"Saxifragaceae",NA,"Herb",1
"Entity_789_Region_North America",789,"North America","Etivlik Lake",-156.033333,68.133333,631,16527,9100,"Sphagnum",1.16,"Shrub",15
"Entity_789_Region_North America",789,"North America","Etivlik Lake",-156.033333,68.133333,631,16527,9100,"Thalictrum",NA,"Trees",1
"Entity_789_Region_North America",789,"North America","Etivlik Lake",-156.033333,68.133333,631,16528,9388,"Abies",NA,"Herb",0
"Entity_789_Region_North America",789,"North America","Etivlik Lake",-156.033333,68.133333,631,16528,9388,"Alnus",1.52,"Herb",15
"Entity_789_Region_North America",789,"North America","Etivlik Lake",-156.033333,68.133333,631,16528,9388,"Artemisia",0.76,"Herb",13
"Entity_789_Region_North America",789,"North America","Etivlik Lake",-156.033333,68.133333,631,16528,9388,"Betula",48.22,"Shrub",15
"Entity_789_Region_North America",789,"North America","Etivlik Lake",-156.033333,68.133333,631,16528,9388,"Brassicaceae",NA,"Herb",1
"Entity_789_Region_North America",789,"North America","Etivlik Lake",-156.033333,68.133333,631,16528,9388,"Cyperaceae",28.68,"Herb",15
"Entity_789_Region_North America",789,"North America","Etivlik Lake",-156.033333,68.133333,631,16528,9388,"Fabaceae",NA,"Shrub",2
"Entity_789_Region_North America",789,"North America","Etivlik Lake",-156.033333,68.133333,631,16528,9388,"Onagraceae",NA,"Shrub",1
"Entity_789_Region_North America",789,"North America","Etivlik Lake",-156.033333,68.133333,631,16528,9388,"Picea",4.57,"Trees",12
"Entity_789_Region_North America",789,"North America","Etivlik Lake",-156.033333,68.133333,631,16528,9388,"Pinus",NA,"Trees",1
"Entity_789_Region_North America",789,"North America","Etivlik Lake",-156.033333,68.133333,631,16528,9388,"Populus",0.25,"Herb",6
"Entity_789_Region_North America",789,"North America","Etivlik Lake",-156.033333,68.133333,631,16528,9388,"Salix",1.27,"Shrub",15
"Entity_789_Region_North America",789,"North America","Etivlik Lake",-156.033333,68.133333,631,16528,9388,"Saxifragaceae",NA,"Herb",1
"Entity_789_Region_North America",789,"North America","Etivlik Lake",-156.033333,68.133333,631,16528,9388,"Sphagnum",1.52,"Shrub",15
"Entity_789_Region_North America",789,"North America","Etivlik Lake",-156.033333,68.133333,631,16528,9388,"Thalictrum",NA,"Trees",1
"Entity_789_Region_North America",789,"North America","Etivlik Lake",-156.033333,68.133333,631,16529,9529,"Abies",NA,"Herb",0
"Entity_789_Region_North America",789,"North America","Etivlik Lake",-156.033333,68.133333,631,16529,9529,"Alnus",0.69,"Herb",15
"Entity_789_Region_North America",789,"North America","Etivlik Lake",-156.033333,68.133333,631,16529,9529,"Artemisia",NA,"Herb",13
"Entity_789_Region_North America",789,"North America","Etivlik Lake",-156.033333,68.133333,631,16529,9529,"Betula",60.83,"Shrub",15
"Entity_789_Region_North America",789,"North America","Etivlik Lake",-156.033333,68.133333,631,16529,9529,"Brassicaceae",NA,"Herb",1
"Entity_789_Region_North America",789,"North America","Etivlik Lake",-156.033333,68.133333,631,16529,9529,"Cyperaceae",18.2,"Herb",15
"Entity_789_Region_North America",789,"North America","Etivlik Lake",-156.033333,68.133333,631,16529,9529,"Fabaceae",NA,"Shrub",2
"Entity_789_Region_North America",789,"North America","Etivlik Lake",-156.033333,68.133333,631,16529,9529,"Onagraceae",NA,"Shrub",1
"Entity_789_Region_North America",789,"North America","Etivlik Lake",-156.033333,68.133333,631,16529,9529,"Picea",3.23,"Trees",12
"Entity_789_Region_North America",789,"North America","Etivlik Lake",-156.033333,68.133333,631,16529,9529,"Pinus",NA,"Trees",1
"Entity_789_Region_North America",789,"North America","Etivlik Lake",-156.033333,68.133333,631,16529,9529,"Populus",0.46,"Herb",6
"Entity_789_Region_North America",789,"North America","Etivlik Lake",-156.033333,68.133333,631,16529,9529,"Salix",1.38,"Shrub",15
"Entity_789_Region_North America",789,"North America","Etivlik Lake",-156.033333,68.133333,631,16529,9529,"Saxifragaceae",NA,"Herb",1
"Entity_789_Region_North America",789,"North America","Etivlik Lake",-156.033333,68.133333,631,16529,9529,"Sphagnum",3,"Shrub",15
"Entity_789_Region_North America",789,"North America","Etivlik Lake",-156.033333,68.133333,631,16529,9529,"Thalictrum",NA,"Trees",1
"Entity_789_Region_North America",789,"North America","Etivlik Lake",-156.033333,68.133333,631,16532,10542,"Abies",NA,"Herb",0
"Entity_789_Region_North America",789,"North America","Etivlik Lake",-156.033333,68.133333,631,16532,10542,"Alnus",2.58,"Herb",15
"Entity_789_Region_North America",789,"North America","Etivlik Lake",-156.033333,68.133333,631,16532,10542,"Artemisia",1.55,"Herb",13
"Entity_789_Region_North America",789,"North America","Etivlik Lake",-156.033333,68.133333,631,16532,10542,"Betula",49.48,"Shrub",15
"Entity_789_Region_North America",789,"North America","Etivlik Lake",-156.033333,68.133333,631,16532,10542,"Brassicaceae",NA,"Herb",1
"Entity_789_Region_North America",789,"North America","Etivlik Lake",-156.033333,68.133333,631,16532,10542,"Cyperaceae",25.77,"Herb",15
"Entity_789_Region_North America",789,"North America","Etivlik Lake",-156.033333,68.133333,631,16532,10542,"Fabaceae",NA,"Shrub",2
"Entity_789_Region_North America",789,"North America","Etivlik Lake",-156.033333,68.133333,631,16532,10542,"Onagraceae",NA,"Shrub",1
"Entity_789_Region_North America",789,"North America","Etivlik Lake",-156.033333,68.133333,631,16532,10542,"Picea",NA,"Trees",12
"Entity_789_Region_North America",789,"North America","Etivlik Lake",-156.033333,68.133333,631,16532,10542,"Pinus",NA,"Trees",1
"Entity_789_Region_North America",789,"North America","Etivlik Lake",-156.033333,68.133333,631,16532,10542,"Populus",NA,"Herb",6
"Entity_789_Region_North America",789,"North America","Etivlik Lake",-156.033333,68.133333,631,16532,10542,"Salix",5.15,"Shrub",15
"Entity_789_Region_North America",789,"North America","Etivlik Lake",-156.033333,68.133333,631,16532,10542,"Saxifragaceae",NA,"Herb",1
"Entity_789_Region_North America",789,"North America","Etivlik Lake",-156.033333,68.133333,631,16532,10542,"Sphagnum",2.58,"Shrub",15
"Entity_789_Region_North America",789,"North America","Etivlik Lake",-156.033333,68.133333,631,16532,10542,"Thalictrum",NA,"Trees",1
"Entity_789_Region_North America",789,"North America","Etivlik Lake",-156.033333,68.133333,631,16533,11162,"Abies",NA,"Herb",0
"Entity_789_Region_North America",789,"North America","Etivlik Lake",-156.033333,68.133333,631,16533,11162,"Alnus",0.8,"Herb",15
"Entity_789_Region_North America",789,"North America","Etivlik Lake",-156.033333,68.133333,631,16533,11162,"Artemisia",0.27,"Herb",13
"Entity_789_Region_North America",789,"North America","Etivlik Lake",-156.033333,68.133333,631,16533,11162,"Betula",51.33,"Shrub",15
"Entity_789_Region_North America",789,"North America","Etivlik Lake",-156.033333,68.133333,631,16533,11162,"Brassicaceae",0.27,"Herb",1
"Entity_789_Region_North America",789,"North America","Etivlik Lake",-156.033333,68.133333,631,16533,11162,"Cyperaceae",29.26,"Herb",15
"Entity_789_Region_North America",789,"North America","Etivlik Lake",-156.033333,68.133333,631,16533,11162,"Fabaceae",NA,"Shrub",2
"Entity_789_Region_North America",789,"North America","Etivlik Lake",-156.033333,68.133333,631,16533,11162,"Onagraceae",NA,"Shrub",1
"Entity_789_Region_North America",789,"North America","Etivlik Lake",-156.033333,68.133333,631,16533,11162,"Picea",NA,"Trees",12
"Entity_789_Region_North America",789,"North America","Etivlik Lake",-156.033333,68.133333,631,16533,11162,"Pinus",NA,"Trees",1
"Entity_789_Region_North America",789,"North America","Etivlik Lake",-156.033333,68.133333,631,16533,11162,"Populus",1.6,"Herb",6
"Entity_789_Region_North America",789,"North America","Etivlik Lake",-156.033333,68.133333,631,16533,11162,"Salix",4.26,"Shrub",15
"Entity_789_Region_North America",789,"North America","Etivlik Lake",-156.033333,68.133333,631,16533,11162,"Saxifragaceae",NA,"Herb",1
"Entity_789_Region_North America",789,"North America","Etivlik Lake",-156.033333,68.133333,631,16533,11162,"Sphagnum",1.33,"Shrub",15
"Entity_789_Region_North America",789,"North America","Etivlik Lake",-156.033333,68.133333,631,16533,11162,"Thalictrum",NA,"Trees",1
"Entity_789_Region_North America",789,"North America","Etivlik Lake",-156.033333,68.133333,631,16534,11714,"Abies",NA,"Herb",0
"Entity_789_Region_North America",789,"North America","Etivlik Lake",-156.033333,68.133333,631,16534,11714,"Alnus",0.28,"Herb",15
"Entity_789_Region_North America",789,"North America","Etivlik Lake",-156.033333,68.133333,631,16534,11714,"Artemisia",1.13,"Herb",13
"Entity_789_Region_North America",789,"North America","Etivlik Lake",-156.033333,68.133333,631,16534,11714,"Betula",48.73,"Shrub",15
"Entity_789_Region_North America",789,"North America","Etivlik Lake",-156.033333,68.133333,631,16534,11714,"Brassicaceae",NA,"Herb",1
"Entity_789_Region_North America",789,"North America","Etivlik Lake",-156.033333,68.133333,631,16534,11714,"Cyperaceae",29.75,"Herb",15
"Entity_789_Region_North America",789,"North America","Etivlik Lake",-156.033333,68.133333,631,16534,11714,"Fabaceae",NA,"Shrub",2
"Entity_789_Region_North America",789,"North America","Etivlik Lake",-156.033333,68.133333,631,16534,11714,"Onagraceae",NA,"Shrub",1
"Entity_789_Region_North America",789,"North America","Etivlik Lake",-156.033333,68.133333,631,16534,11714,"Picea",NA,"Trees",12
"Entity_789_Region_North America",789,"North America","Etivlik Lake",-156.033333,68.133333,631,16534,11714,"Pinus",NA,"Trees",1
"Entity_789_Region_North America",789,"North America","Etivlik Lake",-156.033333,68.133333,631,16534,11714,"Populus",NA,"Herb",6
"Entity_789_Region_North America",789,"North America","Etivlik Lake",-156.033333,68.133333,631,16534,11714,"Salix",8.78,"Shrub",15
"Entity_789_Region_North America",789,"North America","Etivlik Lake",-156.033333,68.133333,631,16534,11714,"Saxifragaceae",NA,"Herb",1
"Entity_789_Region_North America",789,"North America","Etivlik Lake",-156.033333,68.133333,631,16534,11714,"Sphagnum",1.42,"Shrub",15
"Entity_789_Region_North America",789,"North America","Etivlik Lake",-156.033333,68.133333,631,16534,11714,"Thalictrum",NA,"Trees",1
